Samples,Malodour
Ig9373,N
Ig9374,N
Ig9375,N
Ig9376,N
Ig9377,N
Ig9378,N
Ig9379,N
Ig9380,N
Ig9381,N
Ig9382,N
Ig9383,N
Ig9384,N
Ig9385,N
Ig9386,N
Ig9387,N
Ig9388,N
Ig9389,N
Ig9390,N
Ig9391,N
Ig9392,N
Ig9393,N
Ig9394,N
Ig9395,N
Ig9396,N
Ig9397,N
Ig9398,N
Ig9399,N
Ig9400,N
Ig9401,N
Ig9402,N
Ig9403,N
Ig9404,N
Ig9405,N
Ig9406,N
Ig9407,P
Ig9408,P
Ig9409,P
Ig9410,P
Ig9411,P
Ig9412,P
Ig9413,P
Ig9414,P
Ig9415,P
Ig9416,P
Ig9417,P
Ig9418,P
Ig9419,P
Ig9420,P
Ig9421,P
Ig9422,P
Ig9423,P
Ig9424,P
Ig9425,P
Ig9426,P
Ig9427,P
Ig9428,P
Ig9429,P
Ig9430,P
Ig9431,P
Ig9432,P
Ig9433,P
Ig9434,P
Ig9435,P
Ig9436,P
Ig9437,P
Ig9438,P
Ig9439,P
Ig9440,P
Ig9441,P
Ig9442,P
Ig9459,N
Ig9460,N
Ig9461,N
Ig9462,N
Ig9463,N
Ig9464,N
Ig9465,N
Ig9466,N
Ig9467,N
Ig9468,N
Ig9469,N
Ig9470,P
Ig9471,P
Ig9472,P
Ig9473,P
Ig9474,P
Ig9475,P
Ig9476,P
Ig9477,P
Ig9478,P